weight_col0,weight_col1,weight_col2,weight_col3,weight_col4,weight_col5,weight_col6,weight_col7,mean,variance
4.96844384e-41,4.96844384e-41,4.96844384e-41,4.96844384e-41,4.96844384e-41,4.96844384e-41,4.96844384e-41,4.96844384e-41,4.96844384e-41,0.00000000e+00
4.96844384e-41,4.96844384e-41,4.96844384e-41,4.96844384e-41,4.96844384e-41,4.96844384e-41,4.96844384e-41,4.96844384e-41,4.96844384e-41,0.00000000e+00
4.96844384e-41,4.96844384e-41,4.96844384e-41,4.96844384e-41,4.96844384e-41,4.96844384e-41,4.96844384e-41,4.96844384e-41,4.96844384e-41,0.00000000e+00
4.96844384e-41,4.96844384e-41,4.96844384e-41,4.96844384e-41,4.96844384e-41,4.96844384e-41,4.96844384e-41,4.96844384e-41,4.96844384e-41,0.00000000e+00
4.96844384e-41,4.96844384e-41,4.96844384e-41,4.96844384e-41,4.96844384e-41,4.96844384e-41,4.96844384e-41,4.96844384e-41,4.96844384e-41,0.00000000e+00
4.96844384e-41,4.96844384e-41,4.96844384e-41,4.96844384e-41,4.96844384e-41,4.96844384e-41,4.96844384e-41,4.96844384e-41,4.96844384e-41,0.00000000e+00
4.52792132e-03,1.52457354e-03,9.42509249e-03,3.95187782e-03,-2.35059459e-04,9.91770998e-04,4.55779722e-03,3.76842963e-03,3.56405042e-03,7.70873703e-06
1.31811458e-03,-1.72367418e-05,9.12513584e-04,3.19747109e-04,2.71277357e-04,8.57995008e-04,3.46263580e-04,3.48651723e-04,5.44665789e-04,1.68819895e-07
4.96844384e-41,4.96844384e-41,4.96844384e-41,4.96844384e-41,4.96844384e-41,4.96844384e-41,4.96844384e-41,4.96844384e-41,4.96844384e-41,0.00000000e+00
4.96844384e-41,4.96844384e-41,4.96844384e-41,4.96844384e-41,4.96844384e-41,4.96844384e-41,4.96844384e-41,4.96844384e-41,4.96844384e-41,0.00000000e+00
4.96844384e-41,4.96844384e-41,4.96844384e-41,4.96844384e-41,4.96844384e-41,4.96844384e-41,4.96844384e-41,4.96844384e-41,4.96844384e-41,0.00000000e+00
4.96844384e-41,4.96844384e-41,4.96844384e-41,4.96844384e-41,4.96844384e-41,4.96844384e-41,4.96844384e-41,4.96844384e-41,4.96844384e-41,0.00000000e+00
4.96844384e-41,4.96844384e-41,4.96844384e-41,4.96844384e-41,4.96844384e-41,4.96844384e-41,4.96844384e-41,4.96844384e-41,4.96844384e-41,0.00000000e+00
4.96844384e-41,4.96844384e-41,4.96844384e-41,4.96844384e-41,4.96844384e-41,4.96844384e-41,4.96844384e-41,4.96844384e-41,4.96844384e-41,0.00000000e+00
4.96844384e-41,4.96844384e-41,4.96844384e-41,4.96844384e-41,4.96844384e-41,4.96844384e-41,4.96844384e-41,4.96844384e-41,4.96844384e-41,0.00000000e+00
4.96844384e-41,4.96844384e-41,4.96844384e-41,4.96844384e-41,4.96844384e-41,4.96844384e-41,4.96844384e-41,4.96844384e-41,4.96844384e-41,0.00000000e+00
4.96844384e-41,4.96844384e-41,4.96844384e-41,4.96844384e-41,4.96844384e-41,4.96844384e-41,4.96844384e-41,4.96844384e-41,4.96844384e-41,0.00000000e+00
4.96844384e-41,4.96844384e-41,4.96844384e-41,4.96844384e-41,4.96844384e-41,4.96844384e-41,4.96844384e-41,4.96844384e-41,4.96844384e-41,0.00000000e+00
-6.43212552e-05,-3.99430923e-04,2.48833210e-03,3.44455824e-03,-1.63494460e-05,3.45594308e-04,1.18193123e-03,1.18790416e-03,1.02102733e-03,1.60103332e-06
4.54358902e-04,-3.13060264e-06,2.00682640e-04,1.31190725e-04,1.92281004e-04,2.11640450e-04,6.52819217e-05,-1.30980879e-05,1.54900874e-04,1.97723828e-08
4.96844384e-41,4.96844384e-41,4.96844384e-41,4.96844384e-41,4.96844384e-41,4.96844384e-41,4.96844384e-41,4.96844384e-41,4.96844384e-41,0.00000000e+00
4.96844384e-41,4.96844384e-41,4.96844384e-41,4.96844384e-41,4.96844384e-41,4.96844384e-41,4.96844384e-41,4.96844384e-41,4.96844384e-41,0.00000000e+00
4.96844384e-41,4.96844384e-41,4.96844384e-41,4.96844384e-41,4.96844384e-41,4.96844384e-41,4.96844384e-41,4.96844384e-41,4.96844384e-41,0.00000000e+00
4.96844384e-41,4.96844384e-41,4.96844384e-41,4.96844384e-41,4.96844384e-41,4.96844384e-41,4.96844384e-41,4.96844384e-41,4.96844384e-41,0.00000000e+00
4.96844384e-41,4.96844384e-41,4.96844384e-41,4.96844384e-41,4.96844384e-41,4.96844384e-41,4.96844384e-41,4.96844384e-41,4.96844384e-41,0.00000000e+00
4.96844384e-41,4.96844384e-41,4.96844384e-41,4.96844384e-41,4.96844384e-41,4.96844384e-41,4.96844384e-41,4.96844384e-41,4.96844384e-41,0.00000000e+00
4.96844384e-41,4.96844384e-41,4.96844384e-41,4.96844384e-41,4.96844384e-41,4.96844384e-41,4.96844384e-41,4.96844384e-41,4.96844384e-41,0.00000000e+00
4.96844384e-41,4.96844384e-41,4.96844384e-41,4.96844384e-41,4.96844384e-41,4.96844384e-41,4.96844384e-41,4.96844384e-41,4.96844384e-41,0.00000000e+00
4.96844384e-41,4.96844384e-41,4.96844384e-41,4.96844384e-41,4.96844384e-41,4.96844384e-41,4.96844384e-41,4.96844384e-41,4.96844384e-41,0.00000000e+00
4.96844384e-41,4.96844384e-41,4.96844384e-41,4.96844384e-41,4.96844384e-41,4.96844384e-41,4.96844384e-41,4.96844384e-41,4.96844384e-41,0.00000000e+00
1.57560110e-02,3.09475185e-03,4.11812769e-04,4.09435295e-03,-3.32372409e-04,-1.27522275e-04,2.69568409e-03,2.99941655e-03,3.57401674e-03,2.36204851e-05
1.33223226e-03,1.20206780e-04,1.27618579e-04,3.54548567e-04,6.96776784e-04,8.46049457e-04,1.40442804e-04,1.51821470e-04,4.71212086e-04,1.74878565e-07
4.96844384e-41,4.96844384e-41,4.96844384e-41,4.96844384e-41,4.96844384e-41,4.96844384e-41,4.96844384e-41,4.96844384e-41,4.96844384e-41,0.00000000e+00
4.96844384e-41,4.96844384e-41,4.96844384e-41,4.96844384e-41,4.96844384e-41,4.96844384e-41,4.96844384e-41,4.96844384e-41,4.96844384e-41,0.00000000e+00
4.96844384e-41,4.96844384e-41,4.96844384e-41,4.96844384e-41,4.96844384e-41,4.96844384e-41,4.96844384e-41,4.96844384e-41,4.96844384e-41,0.00000000e+00
4.96844384e-41,4.96844384e-41,4.96844384e-41,4.96844384e-41,4.96844384e-41,4.96844384e-41,4.96844384e-41,4.96844384e-41,4.96844384e-41,0.00000000e+00
4.96844384e-41,4.96844384e-41,4.96844384e-41,4.96844384e-41,4.96844384e-41,4.96844384e-41,4.96844384e-41,4.96844384e-41,4.96844384e-41,0.00000000e+00
4.96844384e-41,4.96844384e-41,4.96844384e-41,4.96844384e-41,4.96844384e-41,4.96844384e-41,4.96844384e-41,4.96844384e-41,4.96844384e-41,0.00000000e+00
4.96844384e-41,4.96844384e-41,4.96844384e-41,4.96844384e-41,4.96844384e-41,4.96844384e-41,4.96844384e-41,4.96844384e-41,4.96844384e-41,0.00000000e+00
4.96844384e-41,4.96844384e-41,4.96844384e-41,4.96844384e-41,4.96844384e-41,4.96844384e-41,4.96844384e-41,4.96844384e-41,4.96844384e-41,0.00000000e+00
4.96844384e-41,4.96844384e-41,4.96844384e-41,4.96844384e-41,4.96844384e-41,4.96844384e-41,4.96844384e-41,4.96844384e-41,4.96844384e-41,0.00000000e+00
4.96844384e-41,4.96844384e-41,4.96844384e-41,4.96844384e-41,4.96844384e-41,4.96844384e-41,4.96844384e-41,4.96844384e-41,4.96844384e-41,0.00000000e+00
-4.14038076e-17,3.18348793e-05,2.24852725e-03,5.02446527e-03,1.74666755e-02,1.98786911e-02,4.97538131e-03,-3.44665517e-04,6.16011349e-03,5.64808070e-05
3.38877132e-03,1.03074536e-08,1.96256427e-04,6.23123546e-04,1.87218643e-03,1.51596463e-03,3.94824019e-04,2.65774172e-04,1.03211380e-03,1.17728132e-06
4.96844384e-41,4.96844384e-41,4.96844384e-41,4.96844384e-41,4.96844384e-41,4.96844384e-41,4.96844384e-41,4.96844384e-41,4.96844384e-41,0.00000000e+00
4.96844384e-41,4.96844384e-41,4.96844384e-41,4.96844384e-41,4.96844384e-41,4.96844384e-41,4.96844384e-41,4.96844384e-41,4.96844384e-41,0.00000000e+00
4.96844384e-41,4.96844384e-41,4.96844384e-41,4.96844384e-41,4.96844384e-41,4.96844384e-41,4.96844384e-41,4.96844384e-41,4.96844384e-41,0.00000000e+00
4.96844384e-41,4.96844384e-41,4.96844384e-41,4.96844384e-41,4.96844384e-41,4.96844384e-41,4.96844384e-41,4.96844384e-41,4.96844384e-41,0.00000000e+00
4.96844384e-41,4.96844384e-41,4.96844384e-41,4.96844384e-41,4.96844384e-41,4.96844384e-41,4.96844384e-41,4.96844384e-41,4.96844384e-41,0.00000000e+00
4.96844384e-41,4.96844384e-41,4.96844384e-41,4.96844384e-41,4.96844384e-41,4.96844384e-41,4.96844384e-41,4.96844384e-41,4.96844384e-41,0.00000000e+00
4.96844384e-41,4.96844384e-41,4.96844384e-41,4.96844384e-41,4.96844384e-41,4.96844384e-41,4.96844384e-41,4.96844384e-41,4.96844384e-41,0.00000000e+00
4.96844384e-41,4.96844384e-41,4.96844384e-41,4.96844384e-41,4.96844384e-41,4.96844384e-41,4.96844384e-41,4.96844384e-41,4.96844384e-41,0.00000000e+00
4.96844384e-41,4.96844384e-41,4.96844384e-41,4.96844384e-41,4.96844384e-41,4.96844384e-41,4.96844384e-41,4.96844384e-41,4.96844384e-41,0.00000000e+00
4.96844384e-41,4.96844384e-41,4.96844384e-41,4.96844384e-41,4.96844384e-41,4.96844384e-41,4.96844384e-41,4.96844384e-41,4.96844384e-41,0.00000000e+00
-1.06297906e-04,-1.17993565e-07,-3.11397128e-14,-9.49520844e-12,-3.75820273e-05,-9.53323706e-06,3.67632066e-03,-1.41161177e-16,4.40348667e-04,1.49711002e-06
3.58605478e-03,-2.01316889e-05,1.44585618e-04,-1.61397053e-04,8.67989438e-04,6.20249542e-04,-2.27386699e-05,7.71093764e-05,6.36465149e-04,1.35137782e-06
4.96844384e-41,4.96844384e-41,4.96844384e-41,4.96844384e-41,4.96844384e-41,4.96844384e-41,4.96844384e-41,4.96844384e-41,4.96844384e-41,0.00000000e+00
4.96844384e-41,4.96844384e-41,4.96844384e-41,4.96844384e-41,4.96844384e-41,4.96844384e-41,4.96844384e-41,4.96844384e-41,4.96844384e-41,0.00000000e+00
4.96844384e-41,4.96844384e-41,4.96844384e-41,4.96844384e-41,4.96844384e-41,4.96844384e-41,4.96844384e-41,4.96844384e-41,4.96844384e-41,0.00000000e+00
4.96844384e-41,4.96844384e-41,4.96844384e-41,4.96844384e-41,4.96844384e-41,4.96844384e-41,4.96844384e-41,4.96844384e-41,4.96844384e-41,0.00000000e+00
4.96844384e-41,4.96844384e-41,4.96844384e-41,4.96844384e-41,4.96844384e-41,4.96844384e-41,4.96844384e-41,4.96844384e-41,4.96844384e-41,0.00000000e+00
4.96844384e-41,4.96844384e-41,4.96844384e-41,4.96844384e-41,4.96844384e-41,4.96844384e-41,4.96844384e-41,4.96844384e-41,4.96844384e-41,0.00000000e+00
4.96844384e-41,4.96844384e-41,4.96844384e-41,4.96844384e-41,4.96844384e-41,4.96844384e-41,4.96844384e-41,4.96844384e-41,4.96844384e-41,0.00000000e+00
4.96844384e-41,4.96844384e-41,4.96844384e-41,4.96844384e-41,4.96844384e-41,4.96844384e-41,4.96844384e-41,4.96844384e-41,4.96844384e-41,0.00000000e+00
4.96844384e-41,4.96844384e-41,4.96844384e-41,4.96844384e-41,4.96844384e-41,4.96844384e-41,4.96844384e-41,4.96844384e-41,4.96844384e-41,0.00000000e+00
4.96844384e-41,4.96844384e-41,4.96844384e-41,4.96844384e-41,4.96844384e-41,4.96844384e-41,4.96844384e-41,4.96844384e-41,4.96844384e-41,0.00000000e+00
-6.52557283e-05,-1.83824231e-05,-3.51906009e-03,-3.47247269e-13,-8.88613059e-08,-3.31246429e-06,1.37707116e-02,-5.65081682e-05,1.26351300e-03,2.36565465e-05
2.02011666e-03,3.75480420e-04,-5.32138474e-05,6.30137220e-05,1.29418529e-03,-1.22446116e-04,6.78447483e-04,5.81556349e-04,6.04642439e-04,4.74040746e-07
4.96844384e-41,4.96844384e-41,4.96844384e-41,4.96844384e-41,4.96844384e-41,4.96844384e-41,4.96844384e-41,4.96844384e-41,4.96844384e-41,0.00000000e+00
4.96844384e-41,4.96844384e-41,4.96844384e-41,4.96844384e-41,4.96844384e-41,4.96844384e-41,4.96844384e-41,4.96844384e-41,4.96844384e-41,0.00000000e+00
4.96844384e-41,4.96844384e-41,4.96844384e-41,4.96844384e-41,4.96844384e-41,4.96844384e-41,4.96844384e-41,4.96844384e-41,4.96844384e-41,0.00000000e+00
4.96844384e-41,4.96844384e-41,4.96844384e-41,4.96844384e-41,4.96844384e-41,4.96844384e-41,4.96844384e-41,4.96844384e-41,4.96844384e-41,0.00000000e+00
4.96844384e-41,4.96844384e-41,4.96844384e-41,4.96844384e-41,4.96844384e-41,4.96844384e-41,4.96844384e-41,4.96844384e-41,4.96844384e-41,0.00000000e+00
4.96844384e-41,4.96844384e-41,4.96844384e-41,4.96844384e-41,4.96844384e-41,4.96844384e-41,4.96844384e-41,4.96844384e-41,4.96844384e-41,0.00000000e+00
4.96844384e-41,4.96844384e-41,4.96844384e-41,4.96844384e-41,4.96844384e-41,4.96844384e-41,4.96844384e-41,4.96844384e-41,4.96844384e-41,0.00000000e+00
4.96844384e-41,4.96844384e-41,4.96844384e-41,4.96844384e-41,4.96844384e-41,4.96844384e-41,4.96844384e-41,4.96844384e-41,4.96844384e-41,0.00000000e+00
4.96844384e-41,4.96844384e-41,4.96844384e-41,4.96844384e-41,4.96844384e-41,4.96844384e-41,4.96844384e-41,4.96844384e-41,4.96844384e-41,0.00000000e+00
4.96844384e-41,4.96844384e-41,4.96844384e-41,4.96844384e-41,4.96844384e-41,4.96844384e-41,4.96844384e-41,4.96844384e-41,4.96844384e-41,0.00000000e+00
-8.87008442e-04,-3.44348489e-03,-2.08310796e-17,-2.37487711e-07,-2.42112830e-04,-3.02076922e-04,-8.33282957e-11,-5.78400279e-11,-6.09365117e-04,1.22795439e-06
5.88765927e-03,1.25705010e-05,-2.90602533e-04,4.64571698e-04,2.81024212e-03,9.73351824e-04,2.75845057e-04,2.30990001e-03,1.55544223e-03,3.73329544e-06
4.96844384e-41,4.96844384e-41,4.96844384e-41,4.96844384e-41,4.96844384e-41,4.96844384e-41,4.96844384e-41,4.96844384e-41,4.96844384e-41,0.00000000e+00
4.96844384e-41,4.96844384e-41,4.96844384e-41,4.96844384e-41,4.96844384e-41,4.96844384e-41,4.96844384e-41,4.96844384e-41,4.96844384e-41,0.00000000e+00
4.96844384e-41,4.96844384e-41,4.96844384e-41,4.96844384e-41,4.96844384e-41,4.96844384e-41,4.96844384e-41,4.96844384e-41,4.96844384e-41,0.00000000e+00
4.96844384e-41,4.96844384e-41,4.96844384e-41,4.96844384e-41,4.96844384e-41,4.96844384e-41,4.96844384e-41,4.96844384e-41,4.96844384e-41,0.00000000e+00
4.96844384e-41,4.96844384e-41,4.96844384e-41,4.96844384e-41,4.96844384e-41,4.96844384e-41,4.96844384e-41,4.96844384e-41,4.96844384e-41,0.00000000e+00
4.96844384e-41,4.96844384e-41,4.96844384e-41,4.96844384e-41,4.96844384e-41,4.96844384e-41,4.96844384e-41,4.96844384e-41,4.96844384e-41,0.00000000e+00
4.96844384e-41,4.96844384e-41,4.96844384e-41,4.96844384e-41,4.96844384e-41,4.96844384e-41,4.96844384e-41,4.96844384e-41,4.96844384e-41,0.00000000e+00
4.96844384e-41,4.96844384e-41,4.96844384e-41,4.96844384e-41,4.96844384e-41,4.96844384e-41,4.96844384e-41,4.96844384e-41,4.96844384e-41,0.00000000e+00
4.96844384e-41,4.96844384e-41,4.96844384e-41,4.96844384e-41,4.96844384e-41,4.96844384e-41,4.96844384e-41,4.96844384e-41,4.96844384e-41,0.00000000e+00
4.96844384e-41,4.96844384e-41,4.96844384e-41,4.96844384e-41,4.96844384e-41,4.96844384e-41,4.96844384e-41,4.96844384e-41,4.96844384e-41,0.00000000e+00
-3.69408564e-03,-6.47902372e-04,-2.32952812e-06,-3.30762326e-04,-2.55183969e-03,-1.60386728e-03,-1.29795268e-07,-2.00825184e-06,-1.10411551e-03,1.68839563e-06
-1.31503528e-03,-1.53747715e-05,-2.35430809e-04,4.10845161e-07,-2.21407686e-06,-5.51597157e-04,-3.85064559e-05,1.28849148e-04,-2.53612321e-04,1.99097187e-07
4.96844384e-41,4.96844384e-41,4.96844384e-41,4.96844384e-41,4.96844384e-41,4.96844384e-41,4.96844384e-41,4.96844384e-41,4.96844384e-41,0.00000000e+00
4.96844384e-41,4.96844384e-41,4.96844384e-41,4.96844384e-41,4.96844384e-41,4.96844384e-41,4.96844384e-41,4.96844384e-41,4.96844384e-41,0.00000000e+00
4.96844384e-41,4.96844384e-41,4.96844384e-41,4.96844384e-41,4.96844384e-41,4.96844384e-41,4.96844384e-41,4.96844384e-41,4.96844384e-41,0.00000000e+00
4.96844384e-41,4.96844384e-41,4.96844384e-41,4.96844384e-41,4.96844384e-41,4.96844384e-41,4.96844384e-41,4.96844384e-41,4.96844384e-41,0.00000000e+00
4.96844384e-41,4.96844384e-41,4.96844384e-41,4.96844384e-41,4.96844384e-41,4.96844384e-41,4.96844384e-41,4.96844384e-41,4.96844384e-41,0.00000000e+00
4.96844384e-41,4.96844384e-41,4.96844384e-41,4.96844384e-41,4.96844384e-41,4.96844384e-41,4.96844384e-41,4.96844384e-41,4.96844384e-41,0.00000000e+00
4.96844384e-41,4.96844384e-41,4.96844384e-41,4.96844384e-41,4.96844384e-41,4.96844384e-41,4.96844384e-41,4.96844384e-41,4.96844384e-41,0.00000000e+00
4.96844384e-41,4.96844384e-41,4.96844384e-41,4.96844384e-41,4.96844384e-41,4.96844384e-41,4.96844384e-41,4.96844384e-41,4.96844384e-41,0.00000000e+00
4.96844384e-41,4.96844384e-41,4.96844384e-41,4.96844384e-41,4.96844384e-41,4.96844384e-41,4.96844384e-41,4.96844384e-41,4.96844384e-41,0.00000000e+00
4.96844384e-41,4.96844384e-41,4.96844384e-41,4.96844384e-41,4.96844384e-41,4.96844384e-41,4.96844384e-41,4.96844384e-41,4.96844384e-41,0.00000000e+00
-3.75028839e-03,-5.53892787e-05,-9.36527358e-05,-1.55731657e-04,-5.53676742e-04,-1.41356024e-03,-1.38476275e-06,-3.10800306e-06,-7.53348926e-04,1.48314973e-06
-2.57379346e-04,-1.17365336e-04,6.24165870e-04,-6.39847485e-06,2.40129908e-03,-9.48065519e-07,-3.24321387e-04,1.28908781e-03,4.51017520e-04,7.96934842e-07
4.96844384e-41,4.96844384e-41,4.96844384e-41,4.96844384e-41,4.96844384e-41,4.96844384e-41,4.96844384e-41,4.96844384e-41,4.96844384e-41,0.00000000e+00
4.96844384e-41,4.96844384e-41,4.96844384e-41,4.96844384e-41,4.96844384e-41,4.96844384e-41,4.96844384e-41,4.96844384e-41,4.96844384e-41,0.00000000e+00
4.96844384e-41,4.96844384e-41,4.96844384e-41,4.96844384e-41,4.96844384e-41,4.96844384e-41,4.96844384e-41,4.96844384e-41,4.96844384e-41,0.00000000e+00
4.96844384e-41,4.96844384e-41,4.96844384e-41,4.96844384e-41,4.96844384e-41,4.96844384e-41,4.96844384e-41,4.96844384e-41,4.96844384e-41,0.00000000e+00
4.96844384e-41,4.96844384e-41,4.96844384e-41,4.96844384e-41,4.96844384e-41,4.96844384e-41,4.96844384e-41,4.96844384e-41,4.96844384e-41,0.00000000e+00
4.96844384e-41,4.96844384e-41,4.96844384e-41,4.96844384e-41,4.96844384e-41,4.96844384e-41,4.96844384e-41,4.96844384e-41,4.96844384e-41,0.00000000e+00
4.96844384e-41,4.96844384e-41,4.96844384e-41,4.96844384e-41,4.96844384e-41,4.96844384e-41,4.96844384e-41,4.96844384e-41,4.96844384e-41,0.00000000e+00
4.96844384e-41,4.96844384e-41,4.96844384e-41,4.96844384e-41,4.96844384e-41,4.96844384e-41,4.96844384e-41,4.96844384e-41,4.96844384e-41,0.00000000e+00
4.96844384e-41,4.96844384e-41,4.96844384e-41,4.96844384e-41,4.96844384e-41,4.96844384e-41,4.96844384e-41,4.96844384e-41,4.96844384e-41,0.00000000e+00
4.96844384e-41,4.96844384e-41,4.96844384e-41,4.96844384e-41,4.96844384e-41,4.96844384e-41,4.96844384e-41,4.96844384e-41,4.96844384e-41,0.00000000e+00
1.30967945e-01,-4.46076941e-04,-2.09015445e-04,-2.07050261e-03,-4.06847848e-03,1.61764592e-01,6.09069504e-02,-6.61131286e-04,4.32730354e-02,4.00889013e-03
5.53681864e-04,-9.37993173e-05,-5.08453450e-05,-2.52072903e-04,5.45882620e-03,-2.43976174e-05,-7.21999444e-04,1.63109205e-03,8.12560669e-04,3.51007134e-06
4.96844384e-41,4.96844384e-41,4.96844384e-41,4.96844384e-41,4.96844384e-41,4.96844384e-41,4.96844384e-41,4.96844384e-41,4.96844384e-41,0.00000000e+00
4.96844384e-41,4.96844384e-41,4.96844384e-41,4.96844384e-41,4.96844384e-41,4.96844384e-41,4.96844384e-41,4.96844384e-41,4.96844384e-41,0.00000000e+00
4.96844384e-41,4.96844384e-41,4.96844384e-41,4.96844384e-41,4.96844384e-41,4.96844384e-41,4.96844384e-41,4.96844384e-41,4.96844384e-41,0.00000000e+00
4.96844384e-41,4.96844384e-41,4.96844384e-41,4.96844384e-41,4.96844384e-41,4.96844384e-41,4.96844384e-41,4.96844384e-41,4.96844384e-41,0.00000000e+00
4.96844384e-41,4.96844384e-41,4.96844384e-41,4.96844384e-41,4.96844384e-41,4.96844384e-41,4.96844384e-41,4.96844384e-41,4.96844384e-41,0.00000000e+00
4.96844384e-41,4.96844384e-41,4.96844384e-41,4.96844384e-41,4.96844384e-41,4.96844384e-41,4.96844384e-41,4.96844384e-41,4.96844384e-41,0.00000000e+00
4.96844384e-41,4.96844384e-41,4.96844384e-41,4.96844384e-41,4.96844384e-41,4.96844384e-41,4.96844384e-41,4.96844384e-41,4.96844384e-41,0.00000000e+00
4.96844384e-41,4.96844384e-41,4.96844384e-41,4.96844384e-41,4.96844384e-41,4.96844384e-41,4.96844384e-41,4.96844384e-41,4.96844384e-41,0.00000000e+00
4.96844384e-41,4.96844384e-41,4.96844384e-41,4.96844384e-41,4.96844384e-41,4.96844384e-41,4.96844384e-41,4.96844384e-41,4.96844384e-41,0.00000000e+00
4.96844384e-41,4.96844384e-41,4.96844384e-41,4.96844384e-41,4.96844384e-41,4.96844384e-41,4.96844384e-41,4.96844384e-41,4.96844384e-41,0.00000000e+00
-8.88646860e-03,-6.50378631e-17,-3.09893017e-04,-7.78442423e-04,-2.02892069e-03,-4.45775315e-03,-1.50605604e-06,-2.73808291e-06,-2.05821521e-03,8.72117744e-06
-1.18370199e-05,2.30924878e-03,-3.94475093e-04,-1.52324501e-04,3.47679295e-03,-9.60644218e-04,-9.65165673e-05,3.08647635e-03,9.07090085e-04,2.68445797e-06
4.96844384e-41,4.96844384e-41,4.96844384e-41,4.96844384e-41,4.96844384e-41,4.96844384e-41,4.96844384e-41,4.96844384e-41,4.96844384e-41,0.00000000e+00
4.96844384e-41,4.96844384e-41,4.96844384e-41,4.96844384e-41,4.96844384e-41,4.96844384e-41,4.96844384e-41,4.96844384e-41,4.96844384e-41,0.00000000e+00
4.96844384e-41,4.96844384e-41,4.96844384e-41,4.96844384e-41,4.96844384e-41,4.96844384e-41,4.96844384e-41,4.96844384e-41,4.96844384e-41,0.00000000e+00
4.96844384e-41,4.96844384e-41,4.96844384e-41,4.96844384e-41,4.96844384e-41,4.96844384e-41,4.96844384e-41,4.96844384e-41,4.96844384e-41,0.00000000e+00
4.96844384e-41,4.96844384e-41,4.96844384e-41,4.96844384e-41,4.96844384e-41,4.96844384e-41,4.96844384e-41,4.96844384e-41,4.96844384e-41,0.00000000e+00
4.96844384e-41,4.96844384e-41,4.96844384e-41,4.96844384e-41,4.96844384e-41,4.96844384e-41,4.96844384e-41,4.96844384e-41,4.96844384e-41,0.00000000e+00
4.96844384e-41,4.96844384e-41,4.96844384e-41,4.96844384e-41,4.96844384e-41,4.96844384e-41,4.96844384e-41,4.96844384e-41,4.96844384e-41,0.00000000e+00
4.96844384e-41,4.96844384e-41,4.96844384e-41,4.96844384e-41,4.96844384e-41,4.96844384e-41,4.96844384e-41,4.96844384e-41,4.96844384e-41,0.00000000e+00
4.96844384e-41,4.96844384e-41,4.96844384e-41,4.96844384e-41,4.96844384e-41,4.96844384e-41,4.96844384e-41,4.96844384e-41,4.96844384e-41,0.00000000e+00
4.96844384e-41,4.96844384e-41,4.96844384e-41,4.96844384e-41,4.96844384e-41,4.96844384e-41,4.96844384e-41,4.96844384e-41,4.96844384e-41,0.00000000e+00
2.14524522e-01,-6.89206581e-10,1.36541188e-01,-5.33504318e-03,1.54716656e-01,1.29982039e-01,-1.98300928e-03,1.20791182e-01,9.36546922e-02,6.24376675e-03
-5.97052928e-03,-1.10346940e-03,9.64926556e-03,-1.77081292e-05,-1.14318004e-06,-3.79360497e-13,-6.85121166e-04,-7.60774768e-04,1.38814969e-04,1.63584409e-05
4.96844384e-41,4.96844384e-41,4.96844384e-41,4.96844384e-41,4.96844384e-41,4.96844384e-41,4.96844384e-41,4.96844384e-41,4.96844384e-41,0.00000000e+00
4.96844384e-41,4.96844384e-41,4.96844384e-41,4.96844384e-41,4.96844384e-41,4.96844384e-41,4.96844384e-41,4.96844384e-41,4.96844384e-41,0.00000000e+00
4.96844384e-41,4.96844384e-41,4.96844384e-41,4.96844384e-41,4.96844384e-41,4.96844384e-41,4.96844384e-41,4.96844384e-41,4.96844384e-41,0.00000000e+00
4.96844384e-41,4.96844384e-41,4.96844384e-41,4.96844384e-41,4.96844384e-41,4.96844384e-41,4.96844384e-41,4.96844384e-41,4.96844384e-41,0.00000000e+00
4.96844384e-41,4.96844384e-41,4.96844384e-41,4.96844384e-41,4.96844384e-41,4.96844384e-41,4.96844384e-41,4.96844384e-41,4.96844384e-41,0.00000000e+00
4.96844384e-41,4.96844384e-41,4.96844384e-41,4.96844384e-41,4.96844384e-41,4.96844384e-41,4.96844384e-41,4.96844384e-41,4.96844384e-41,0.00000000e+00
4.96844384e-41,4.96844384e-41,4.96844384e-41,4.96844384e-41,4.96844384e-41,4.96844384e-41,4.96844384e-41,4.96844384e-41,4.96844384e-41,0.00000000e+00
4.96844384e-41,4.96844384e-41,4.96844384e-41,4.96844384e-41,4.96844384e-41,4.96844384e-41,4.96844384e-41,4.96844384e-41,4.96844384e-41,0.00000000e+00
4.96844384e-41,4.96844384e-41,4.96844384e-41,4.96844384e-41,4.96844384e-41,4.96844384e-41,4.96844384e-41,4.96844384e-41,4.96844384e-41,0.00000000e+00
4.96844384e-41,4.96844384e-41,4.96844384e-41,4.96844384e-41,4.96844384e-41,4.96844384e-41,4.96844384e-41,4.96844384e-41,4.96844384e-41,0.00000000e+00
1.50570810e-01,-1.58146773e-09,3.25441092e-01,2.50067234e-01,2.92069972e-01,1.67796507e-01,1.81625217e-01,2.07908273e-01,1.96934879e-01,8.81554931e-03
-4.13984658e-24,-2.45561096e-04,7.96402106e-04,-9.78199459e-05,-4.79376968e-06,8.44622497e-03,-2.12535309e-03,1.53927933e-02,2.77023669e-03,3.15130492e-05
4.96844384e-41,4.96844384e-41,4.96844384e-41,4.96844384e-41,4.96844384e-41,4.96844384e-41,4.96844384e-41,4.96844384e-41,4.96844384e-41,0.00000000e+00
4.96844384e-41,4.96844384e-41,4.96844384e-41,4.96844384e-41,4.96844384e-41,4.96844384e-41,4.96844384e-41,4.96844384e-41,4.96844384e-41,0.00000000e+00
4.96844384e-41,4.96844384e-41,4.96844384e-41,4.96844384e-41,4.96844384e-41,4.96844384e-41,4.96844384e-41,4.96844384e-41,4.96844384e-41,0.00000000e+00
4.96844384e-41,4.96844384e-41,4.96844384e-41,4.96844384e-41,4.96844384e-41,4.96844384e-41,4.96844384e-41,4.96844384e-41,4.96844384e-41,0.00000000e+00
4.96844384e-41,4.96844384e-41,4.96844384e-41,4.96844384e-41,4.96844384e-41,4.96844384e-41,4.96844384e-41,4.96844384e-41,4.96844384e-41,0.00000000e+00
4.96844384e-41,4.96844384e-41,4.96844384e-41,4.96844384e-41,4.96844384e-41,4.96844384e-41,4.96844384e-41,4.96844384e-41,4.96844384e-41,0.00000000e+00
4.96844384e-41,4.96844384e-41,4.96844384e-41,4.96844384e-41,4.96844384e-41,4.96844384e-41,4.96844384e-41,4.96844384e-41,4.96844384e-41,0.00000000e+00
4.96844384e-41,4.96844384e-41,4.96844384e-41,4.96844384e-41,4.96844384e-41,4.96844384e-41,4.96844384e-41,4.96844384e-41,4.96844384e-41,0.00000000e+00
4.96844384e-41,4.96844384e-41,4.96844384e-41,4.96844384e-41,4.96844384e-41,4.96844384e-41,4.96844384e-41,4.96844384e-41,4.96844384e-41,0.00000000e+00
4.96844384e-41,4.96844384e-41,4.96844384e-41,4.96844384e-41,4.96844384e-41,4.96844384e-41,4.96844384e-41,4.96844384e-41,4.96844384e-41,0.00000000e+00
2.72782207e-01,-7.05063436e-03,-7.53473118e-03,-9.40229744e-03,3.45230311e-01,-1.66665372e-02,1.29476652e-01,-6.84815086e-03,8.74983519e-02,1.87037736e-02
-4.84109078e-05,8.95863166e-04,-1.04749488e-04,-1.76175222e-18,-5.06087781e-05,-7.34527745e-08,-2.88756491e-05,-4.29601828e-03,-4.54109162e-04,2.20316679e-06
4.96844384e-41,4.96844384e-41,4.96844384e-41,4.96844384e-41,4.96844384e-41,4.96844384e-41,4.96844384e-41,4.96844384e-41,4.96844384e-41,0.00000000e+00
4.96844384e-41,4.96844384e-41,4.96844384e-41,4.96844384e-41,4.96844384e-41,4.96844384e-41,4.96844384e-41,4.96844384e-41,4.96844384e-41,0.00000000e+00
4.96844384e-41,4.96844384e-41,4.96844384e-41,4.96844384e-41,4.96844384e-41,4.96844384e-41,4.96844384e-41,4.96844384e-41,4.96844384e-41,0.00000000e+00
4.96844384e-41,4.96844384e-41,4.96844384e-41,4.96844384e-41,4.96844384e-41,4.96844384e-41,4.96844384e-41,4.96844384e-41,4.96844384e-41,0.00000000e+00
4.96844384e-41,4.96844384e-41,4.96844384e-41,4.96844384e-41,4.96844384e-41,4.96844384e-41,4.96844384e-41,4.96844384e-41,4.96844384e-41,0.00000000e+00
4.96844384e-41,4.96844384e-41,4.96844384e-41,4.96844384e-41,4.96844384e-41,4.96844384e-41,4.96844384e-41,4.96844384e-41,4.96844384e-41,0.00000000e+00
4.96844384e-41,4.96844384e-41,4.96844384e-41,4.96844384e-41,4.96844384e-41,4.96844384e-41,4.96844384e-41,4.96844384e-41,4.96844384e-41,0.00000000e+00
4.96844384e-41,4.96844384e-41,4.96844384e-41,4.96844384e-41,4.96844384e-41,4.96844384e-41,4.96844384e-41,4.96844384e-41,4.96844384e-41,0.00000000e+00
4.96844384e-41,4.96844384e-41,4.96844384e-41,4.96844384e-41,4.96844384e-41,4.96844384e-41,4.96844384e-41,4.96844384e-41,4.96844384e-41,0.00000000e+00
4.96844384e-41,4.96844384e-41,4.96844384e-41,4.96844384e-41,4.96844384e-41,4.96844384e-41,4.96844384e-41,4.96844384e-41,4.96844384e-41,0.00000000e+00
4.00788933e-01,2.79881597e-01,1.05605572e-01,2.69827753e-01,4.05700415e-01,3.60839158e-01,4.12509292e-01,3.26615870e-01,3.20221066e-01,9.27903876e-03
5.20990193e-02,-2.06943208e-04,-8.27069115e-03,-5.80588008e-12,-8.55641701e-05,-5.88398725e-05,-2.10048668e-26,-1.97866557e-05,5.43214893e-03,3.18337552e-04
4.96844384e-41,4.96844384e-41,4.96844384e-41,4.96844384e-41,4.96844384e-41,4.96844384e-41,4.96844384e-41,4.96844384e-41,4.96844384e-41,0.00000000e+00
4.96844384e-41,4.96844384e-41,4.96844384e-41,4.96844384e-41,4.96844384e-41,4.96844384e-41,4.96844384e-41,4.96844384e-41,4.96844384e-41,0.00000000e+00
4.96844384e-41,4.96844384e-41,4.96844384e-41,4.96844384e-41,4.96844384e-41,4.96844384e-41,4.96844384e-41,4.96844384e-41,4.96844384e-41,0.00000000e+00
4.96844384e-41,4.96844384e-41,4.96844384e-41,4.96844384e-41,4.96844384e-41,4.96844384e-41,4.96844384e-41,4.96844384e-41,4.96844384e-41,0.00000000e+00
4.96844384e-41,4.96844384e-41,4.96844384e-41,4.96844384e-41,4.96844384e-41,4.96844384e-41,4.96844384e-41,4.96844384e-41,4.96844384e-41,0.00000000e+00
4.96844384e-41,4.96844384e-41,4.96844384e-41,4.96844384e-41,4.96844384e-41,4.96844384e-41,4.96844384e-41,4.96844384e-41,4.96844384e-41,0.00000000e+00
4.96844384e-41,4.96844384e-41,4.96844384e-41,4.96844384e-41,4.96844384e-41,4.96844384e-41,4.96844384e-41,4.96844384e-41,4.96844384e-41,0.00000000e+00
4.96844384e-41,4.96844384e-41,4.96844384e-41,4.96844384e-41,4.96844384e-41,4.96844384e-41,4.96844384e-41,4.96844384e-41,4.96844384e-41,0.00000000e+00
4.96844384e-41,4.96844384e-41,4.96844384e-41,4.96844384e-41,4.96844384e-41,4.96844384e-41,4.96844384e-41,4.96844384e-41,4.96844384e-41,0.00000000e+00
4.96844384e-41,4.96844384e-41,4.96844384e-41,4.96844384e-41,4.96844384e-41,4.96844384e-41,4.96844384e-41,4.96844384e-41,4.96844384e-41,0.00000000e+00
3.93174052e-01,1.30328521e-01,2.65539557e-01,4.62316930e-01,3.61913621e-01,2.92757004e-01,5.98876119e-01,2.32446685e-01,3.42169046e-01,1.85693055e-02
2.36199070e-02,-1.88684516e-23,-1.79652734e-11,-2.64236788e-12,3.37811559e-02,3.65073942e-02,-5.41274404e-12,-2.63287222e-13,1.17385574e-02,2.41188318e-04
4.96844384e-41,4.96844384e-41,4.96844384e-41,4.96844384e-41,4.96844384e-41,4.96844384e-41,4.96844384e-41,4.96844384e-41,4.96844384e-41,0.00000000e+00
4.96844384e-41,4.96844384e-41,4.96844384e-41,4.96844384e-41,4.96844384e-41,4.96844384e-41,4.96844384e-41,4.96844384e-41,4.96844384e-41,0.00000000e+00
4.96844384e-41,4.96844384e-41,4.96844384e-41,4.96844384e-41,4.96844384e-41,4.96844384e-41,4.96844384e-41,4.96844384e-41,4.96844384e-41,0.00000000e+00
4.96844384e-41,4.96844384e-41,4.96844384e-41,4.96844384e-41,4.96844384e-41,4.96844384e-41,4.96844384e-41,4.96844384e-41,4.96844384e-41,0.00000000e+00
4.96844384e-41,4.96844384e-41,4.96844384e-41,4.96844384e-41,4.96844384e-41,4.96844384e-41,4.96844384e-41,4.96844384e-41,4.96844384e-41,0.00000000e+00
4.96844384e-41,4.96844384e-41,4.96844384e-41,4.96844384e-41,4.96844384e-41,4.96844384e-41,4.96844384e-41,4.96844384e-41,4.96844384e-41,0.00000000e+00
4.96844384e-41,4.96844384e-41,4.96844384e-41,4.96844384e-41,4.96844384e-41,4.96844384e-41,4.96844384e-41,4.96844384e-41,4.96844384e-41,0.00000000e+00
4.96844384e-41,4.96844384e-41,4.96844384e-41,4.96844384e-41,4.96844384e-41,4.96844384e-41,4.96844384e-41,4.96844384e-41,4.96844384e-41,0.00000000e+00
4.96844384e-41,4.96844384e-41,4.96844384e-41,4.96844384e-41,4.96844384e-41,4.96844384e-41,4.96844384e-41,4.96844384e-41,4.96844384e-41,0.00000000e+00
4.96844384e-41,4.96844384e-41,4.96844384e-41,4.96844384e-41,4.96844384e-41,4.96844384e-41,4.96844384e-41,4.96844384e-41,4.96844384e-41,0.00000000e+00
5.49219787e-01,2.75631249e-01,7.17040122e-01,-4.21466120e-03,-1.05729084e-02,1.52576476e-01,-9.51185543e-03,1.33784220e-01,2.25494057e-01,6.57973439e-02
-1.12287211e-03,-9.63807611e-09,-3.96802570e-05,-5.14437443e-06,-6.47838024e-05,-2.70692053e-05,-1.08996710e-05,-1.57757484e-06,-1.59004587e-04,1.33154259e-07
4.96844384e-41,4.96844384e-41,4.96844384e-41,4.96844384e-41,4.96844384e-41,4.96844384e-41,4.96844384e-41,4.96844384e-41,4.96844384e-41,0.00000000e+00
4.96844384e-41,4.96844384e-41,4.96844384e-41,4.96844384e-41,4.96844384e-41,4.96844384e-41,4.96844384e-41,4.96844384e-41,4.96844384e-41,0.00000000e+00
4.96844384e-41,4.96844384e-41,4.96844384e-41,4.96844384e-41,4.96844384e-41,4.96844384e-41,4.96844384e-41,4.96844384e-41,4.96844384e-41,0.00000000e+00
4.96844384e-41,4.96844384e-41,4.96844384e-41,4.96844384e-41,4.96844384e-41,4.96844384e-41,4.96844384e-41,4.96844384e-41,4.96844384e-41,0.00000000e+00
4.96844384e-41,4.96844384e-41,4.96844384e-41,4.96844384e-41,4.96844384e-41,4.96844384e-41,4.96844384e-41,4.96844384e-41,4.96844384e-41,0.00000000e+00
4.96844384e-41,4.96844384e-41,4.96844384e-41,4.96844384e-41,4.96844384e-41,4.96844384e-41,4.96844384e-41,4.96844384e-41,4.96844384e-41,0.00000000e+00
4.96844384e-41,4.96844384e-41,4.96844384e-41,4.96844384e-41,4.96844384e-41,4.96844384e-41,4.96844384e-41,4.96844384e-41,4.96844384e-41,0.00000000e+00
4.96844384e-41,4.96844384e-41,4.96844384e-41,4.96844384e-41,4.96844384e-41,4.96844384e-41,4.96844384e-41,4.96844384e-41,4.96844384e-41,0.00000000e+00
4.96844384e-41,4.96844384e-41,4.96844384e-41,4.96844384e-41,4.96844384e-41,4.96844384e-41,4.96844384e-41,4.96844384e-41,4.96844384e-41,0.00000000e+00
4.96844384e-41,4.96844384e-41,4.96844384e-41,4.96844384e-41,4.96844384e-41,4.96844384e-41,4.96844384e-41,4.96844384e-41,4.96844384e-41,0.00000000e+00
1.84679374e-01,3.80474836e-01,8.80549908e-01,-2.65143160e-03,3.56838703e-01,3.22561353e-01,4.61166948e-01,3.49590003e-01,3.66651207e-01,5.56307100e-02
-4.03703569e-04,-1.67907579e-04,-9.16941099e-06,-7.91922794e-04,1.70539796e-01,1.60951644e-01,2.28116512e-02,1.56143486e-01,6.36342317e-02,5.93708828e-03
4.96844384e-41,4.96844384e-41,4.96844384e-41,4.96844384e-41,4.96844384e-41,4.96844384e-41,4.96844384e-41,4.96844384e-41,4.96844384e-41,0.00000000e+00
4.96844384e-41,4.96844384e-41,4.96844384e-41,4.96844384e-41,4.96844384e-41,4.96844384e-41,4.96844384e-41,4.96844384e-41,4.96844384e-41,0.00000000e+00
4.96844384e-41,4.96844384e-41,4.96844384e-41,4.96844384e-41,4.96844384e-41,4.96844384e-41,4.96844384e-41,4.96844384e-41,4.96844384e-41,0.00000000e+00
4.96844384e-41,4.96844384e-41,4.96844384e-41,4.96844384e-41,4.96844384e-41,4.96844384e-41,4.96844384e-41,4.96844384e-41,4.96844384e-41,0.00000000e+00
4.96844384e-41,4.96844384e-41,4.96844384e-41,4.96844384e-41,4.96844384e-41,4.96844384e-41,4.96844384e-41,4.96844384e-41,4.96844384e-41,0.00000000e+00
4.96844384e-41,4.96844384e-41,4.96844384e-41,4.96844384e-41,4.96844384e-41,4.96844384e-41,4.96844384e-41,4.96844384e-41,4.96844384e-41,0.00000000e+00
4.96844384e-41,4.96844384e-41,4.96844384e-41,4.96844384e-41,4.96844384e-41,4.96844384e-41,4.96844384e-41,4.96844384e-41,4.96844384e-41,0.00000000e+00
4.96844384e-41,4.96844384e-41,4.96844384e-41,4.96844384e-41,4.96844384e-41,4.96844384e-41,4.96844384e-41,4.96844384e-41,4.96844384e-41,0.00000000e+00
4.96844384e-41,4.96844384e-41,4.96844384e-41,4.96844384e-41,4.96844384e-41,4.96844384e-41,4.96844384e-41,4.96844384e-41,4.96844384e-41,0.00000000e+00
4.96844384e-41,4.96844384e-41,4.96844384e-41,4.96844384e-41,4.96844384e-41,4.96844384e-41,4.96844384e-41,4.96844384e-41,4.96844384e-41,0.00000000e+00
1.55200243e-01,2.97924995e-01,9.09794390e-01,-7.43114576e-03,3.67872089e-01,-1.28502883e-02,-4.47439402e-03,-1.07794181e-02,2.11907059e-01,8.96277279e-02
-2.89174292e-04,-1.21391041e-03,-2.35150201e-18,-1.67108490e-04,-1.96265202e-04,-2.85607879e-03,-1.73111803e-09,-3.70181290e-08,-5.90321957e-04,8.74123998e-07
4.96844384e-41,4.96844384e-41,4.96844384e-41,4.96844384e-41,4.96844384e-41,4.96844384e-41,4.96844384e-41,4.96844384e-41,4.96844384e-41,0.00000000e+00
4.96844384e-41,4.96844384e-41,4.96844384e-41,4.96844384e-41,4.96844384e-41,4.96844384e-41,4.96844384e-41,4.96844384e-41,4.96844384e-41,0.00000000e+00
4.96844384e-41,4.96844384e-41,4.96844384e-41,4.96844384e-41,4.96844384e-41,4.96844384e-41,4.96844384e-41,4.96844384e-41,4.96844384e-41,0.00000000e+00
4.96844384e-41,4.96844384e-41,4.96844384e-41,4.96844384e-41,4.96844384e-41,4.96844384e-41,4.96844384e-41,4.96844384e-41,4.96844384e-41,0.00000000e+00
4.96844384e-41,4.96844384e-41,4.96844384e-41,4.96844384e-41,4.96844384e-41,4.96844384e-41,4.96844384e-41,4.96844384e-41,4.96844384e-41,0.00000000e+00
4.96844384e-41,4.96844384e-41,4.96844384e-41,4.96844384e-41,4.96844384e-41,4.96844384e-41,4.96844384e-41,4.96844384e-41,4.96844384e-41,0.00000000e+00
4.96844384e-41,4.96844384e-41,4.96844384e-41,4.96844384e-41,4.96844384e-41,4.96844384e-41,4.96844384e-41,4.96844384e-41,4.96844384e-41,0.00000000e+00
4.96844384e-41,4.96844384e-41,4.96844384e-41,4.96844384e-41,4.96844384e-41,4.96844384e-41,4.96844384e-41,4.96844384e-41,4.96844384e-41,0.00000000e+00
4.96844384e-41,4.96844384e-41,4.96844384e-41,4.96844384e-41,4.96844384e-41,4.96844384e-41,4.96844384e-41,4.96844384e-41,4.96844384e-41,0.00000000e+00
4.96844384e-41,4.96844384e-41,4.96844384e-41,4.96844384e-41,4.96844384e-41,4.96844384e-41,4.96844384e-41,4.96844384e-41,4.96844384e-41,0.00000000e+00
3.09193850e-01,2.81547278e-01,8.37023199e-01,2.36727655e-01,2.08721936e-01,-6.29469380e-03,3.07665408e-01,5.33672988e-01,3.38532209e-01,5.47193028e-02
-6.80510828e-04,-1.02837030e-05,-1.26027626e-05,-5.18785928e-05,1.60901785e-01,-2.52395548e-04,9.93438140e-02,1.87012359e-01,5.57812862e-02,5.73003944e-03
4.96844384e-41,4.96844384e-41,4.96844384e-41,4.96844384e-41,4.96844384e-41,4.96844384e-41,4.96844384e-41,4.96844384e-41,4.96844384e-41,0.00000000e+00
4.96844384e-41,4.96844384e-41,4.96844384e-41,4.96844384e-41,4.96844384e-41,4.96844384e-41,4.96844384e-41,4.96844384e-41,4.96844384e-41,0.00000000e+00
4.96844384e-41,4.96844384e-41,4.96844384e-41,4.96844384e-41,4.96844384e-41,4.96844384e-41,4.96844384e-41,4.96844384e-41,4.96844384e-41,0.00000000e+00
4.96844384e-41,4.96844384e-41,4.96844384e-41,4.96844384e-41,4.96844384e-41,4.96844384e-41,4.96844384e-41,4.96844384e-41,4.96844384e-41,0.00000000e+00
4.96844384e-41,4.96844384e-41,4.96844384e-41,4.96844384e-41,4.96844384e-41,4.96844384e-41,4.96844384e-41,4.96844384e-41,4.96844384e-41,0.00000000e+00
4.96844384e-41,4.96844384e-41,4.96844384e-41,4.96844384e-41,4.96844384e-41,4.96844384e-41,4.96844384e-41,4.96844384e-41,4.96844384e-41,0.00000000e+00
4.96844384e-41,4.96844384e-41,4.96844384e-41,4.96844384e-41,4.96844384e-41,4.96844384e-41,4.96844384e-41,4.96844384e-41,4.96844384e-41,0.00000000e+00
4.96844384e-41,4.96844384e-41,4.96844384e-41,4.96844384e-41,4.96844384e-41,4.96844384e-41,4.96844384e-41,4.96844384e-41,4.96844384e-41,0.00000000e+00
4.96844384e-41,4.96844384e-41,4.96844384e-41,4.96844384e-41,4.96844384e-41,4.96844384e-41,4.96844384e-41,4.96844384e-41,4.96844384e-41,0.00000000e+00
4.96844384e-41,4.96844384e-41,4.96844384e-41,4.96844384e-41,4.96844384e-41,4.96844384e-41,4.96844384e-41,4.96844384e-41,4.96844384e-41,0.00000000e+00
-1.70715936e-02,4.02221531e-01,-2.99536018e-03,-5.40096126e-03,-8.57055653e-03,-1.15743233e-02,6.58328757e-02,3.13711673e-01,9.20191556e-02,2.46659908e-02
-1.72493339e-03,-3.74755636e-03,-5.46582218e-04,-5.25038928e-08,-3.17114696e-04,-1.19091084e-04,-9.52155024e-05,-1.71701700e-04,-8.40280904e-04,1.47788023e-06
4.96844384e-41,4.96844384e-41,4.96844384e-41,4.96844384e-41,4.96844384e-41,4.96844384e-41,4.96844384e-41,4.96844384e-41,4.96844384e-41,0.00000000e+00
4.96844384e-41,4.96844384e-41,4.96844384e-41,4.96844384e-41,4.96844384e-41,4.96844384e-41,4.96844384e-41,4.96844384e-41,4.96844384e-41,0.00000000e+00
4.96844384e-41,4.96844384e-41,4.96844384e-41,4.96844384e-41,4.96844384e-41,4.96844384e-41,4.96844384e-41,4.96844384e-41,4.96844384e-41,0.00000000e+00
4.96844384e-41,4.96844384e-41,4.96844384e-41,4.96844384e-41,4.96844384e-41,4.96844384e-41,4.96844384e-41,4.96844384e-41,4.96844384e-41,0.00000000e+00
4.96844384e-41,4.96844384e-41,4.96844384e-41,4.96844384e-41,4.96844384e-41,4.96844384e-41,4.96844384e-41,4.96844384e-41,4.96844384e-41,0.00000000e+00
4.96844384e-41,4.96844384e-41,4.96844384e-41,4.96844384e-41,4.96844384e-41,4.96844384e-41,4.96844384e-41,4.96844384e-41,4.96844384e-41,0.00000000e+00
4.96844384e-41,4.96844384e-41,4.96844384e-41,4.96844384e-41,4.96844384e-41,4.96844384e-41,4.96844384e-41,4.96844384e-41,4.96844384e-41,0.00000000e+00
4.96844384e-41,4.96844384e-41,4.96844384e-41,4.96844384e-41,4.96844384e-41,4.96844384e-41,4.96844384e-41,4.96844384e-41,4.96844384e-41,0.00000000e+00
4.96844384e-41,4.96844384e-41,4.96844384e-41,4.96844384e-41,4.96844384e-41,4.96844384e-41,4.96844384e-41,4.96844384e-41,4.96844384e-41,0.00000000e+00
4.96844384e-41,4.96844384e-41,4.96844384e-41,4.96844384e-41,4.96844384e-41,4.96844384e-41,4.96844384e-41,4.96844384e-41,4.96844384e-41,0.00000000e+00
1.64690897e-01,1.52489409e-01,9.65006232e-01,-2.48746364e-03,-6.14746660e-03,-9.32990760e-03,-5.08586690e-03,6.22349977e-01,2.35185727e-01,1.15823865e-01
-1.36431202e-03,-4.55510553e-06,-1.52471836e-03,-3.63378844e-04,-7.00154633e-04,-5.09175472e-04,-3.45291308e-04,-5.42437949e-04,-6.69252942e-04,2.37240414e-07
4.96844384e-41,4.96844384e-41,4.96844384e-41,4.96844384e-41,4.96844384e-41,4.96844384e-41,4.96844384e-41,4.96844384e-41,4.96844384e-41,0.00000000e+00
4.96844384e-41,4.96844384e-41,4.96844384e-41,4.96844384e-41,4.96844384e-41,4.96844384e-41,4.96844384e-41,4.96844384e-41,4.96844384e-41,0.00000000e+00
4.96844384e-41,4.96844384e-41,4.96844384e-41,4.96844384e-41,4.96844384e-41,4.96844384e-41,4.96844384e-41,4.96844384e-41,4.96844384e-41,0.00000000e+00
4.96844384e-41,4.96844384e-41,4.96844384e-41,4.96844384e-41,4.96844384e-41,4.96844384e-41,4.96844384e-41,4.96844384e-41,4.96844384e-41,0.00000000e+00
4.96844384e-41,4.96844384e-41,4.96844384e-41,4.96844384e-41,4.96844384e-41,4.96844384e-41,4.96844384e-41,4.96844384e-41,4.96844384e-41,0.00000000e+00
4.96844384e-41,4.96844384e-41,4.96844384e-41,4.96844384e-41,4.96844384e-41,4.96844384e-41,4.96844384e-41,4.96844384e-41,4.96844384e-41,0.00000000e+00
4.96844384e-41,4.96844384e-41,4.96844384e-41,4.96844384e-41,4.96844384e-41,4.96844384e-41,4.96844384e-41,4.96844384e-41,4.96844384e-41,0.00000000e+00
4.96844384e-41,4.96844384e-41,4.96844384e-41,4.96844384e-41,4.96844384e-41,4.96844384e-41,4.96844384e-41,4.96844384e-41,4.96844384e-41,0.00000000e+00
4.96844384e-41,4.96844384e-41,4.96844384e-41,4.96844384e-41,4.96844384e-41,4.96844384e-41,4.96844384e-41,4.96844384e-41,4.96844384e-41,0.00000000e+00
4.96844384e-41,4.96844384e-41,4.96844384e-41,4.96844384e-41,4.96844384e-41,4.96844384e-41,4.96844384e-41,4.96844384e-41,4.96844384e-41,0.00000000e+00
1.45742238e-01,6.73832595e-01,7.35756099e-01,-1.90486724e-04,-3.01716221e-03,2.40971223e-01,-1.55191477e-02,2.51978308e-01,2.53694206e-01,7.79440477e-02
-4.05712565e-03,1.30873814e-01,-1.61468733e-07,-8.18345288e-04,-2.20450363e-03,-5.20727015e-04,-1.72415621e-05,-1.93431624e-05,1.54045457e-02,1.90647715e-03
4.96844384e-41,4.96844384e-41,4.96844384e-41,4.96844384e-41,4.96844384e-41,4.96844384e-41,4.96844384e-41,4.96844384e-41,4.96844384e-41,0.00000000e+00
4.96844384e-41,4.96844384e-41,4.96844384e-41,4.96844384e-41,4.96844384e-41,4.96844384e-41,4.96844384e-41,4.96844384e-41,4.96844384e-41,0.00000000e+00
4.96844384e-41,4.96844384e-41,4.96844384e-41,4.96844384e-41,4.96844384e-41,4.96844384e-41,4.96844384e-41,4.96844384e-41,4.96844384e-41,0.00000000e+00
4.96844384e-41,4.96844384e-41,4.96844384e-41,4.96844384e-41,4.96844384e-41,4.96844384e-41,4.96844384e-41,4.96844384e-41,4.96844384e-41,0.00000000e+00
4.96844384e-41,4.96844384e-41,4.96844384e-41,4.96844384e-41,4.96844384e-41,4.96844384e-41,4.96844384e-41,4.96844384e-41,4.96844384e-41,0.00000000e+00
4.96844384e-41,4.96844384e-41,4.96844384e-41,4.96844384e-41,4.96844384e-41,4.96844384e-41,4.96844384e-41,4.96844384e-41,4.96844384e-41,0.00000000e+00
4.96844384e-41,4.96844384e-41,4.96844384e-41,4.96844384e-41,4.96844384e-41,4.96844384e-41,4.96844384e-41,4.96844384e-41,4.96844384e-41,0.00000000e+00
4.96844384e-41,4.96844384e-41,4.96844384e-41,4.96844384e-41,4.96844384e-41,4.96844384e-41,4.96844384e-41,4.96844384e-41,4.96844384e-41,0.00000000e+00
4.96844384e-41,4.96844384e-41,4.96844384e-41,4.96844384e-41,4.96844384e-41,4.96844384e-41,4.96844384e-41,4.96844384e-41,4.96844384e-41,0.00000000e+00
4.96844384e-41,4.96844384e-41,4.96844384e-41,4.96844384e-41,4.96844384e-41,4.96844384e-41,4.96844384e-41,4.96844384e-41,4.96844384e-41,0.00000000e+00
5.16948402e-01,9.98623312e-01,1.01307416e+00,-4.17319871e-03,-5.02131134e-03,6.38941765e-01,3.72983009e-01,4.68040705e-01,4.99927104e-01,1.32231772e-01
3.68855834e-01,-1.40804932e-05,-2.99411500e-03,-1.30030653e-03,-1.96767505e-03,-3.04086460e-03,4.90621835e-01,-4.42468445e-04,1.06214769e-01,3.58169712e-02
4.96844384e-41,4.96844384e-41,4.96844384e-41,4.96844384e-41,4.96844384e-41,4.96844384e-41,4.96844384e-41,4.96844384e-41,4.96844384e-41,0.00000000e+00
4.96844384e-41,4.96844384e-41,4.96844384e-41,4.96844384e-41,4.96844384e-41,4.96844384e-41,4.96844384e-41,4.96844384e-41,4.96844384e-41,0.00000000e+00
4.96844384e-41,4.96844384e-41,4.96844384e-41,4.96844384e-41,4.96844384e-41,4.96844384e-41,4.96844384e-41,4.96844384e-41,4.96844384e-41,0.00000000e+00
4.96844384e-41,4.96844384e-41,4.96844384e-41,4.96844384e-41,4.96844384e-41,4.96844384e-41,4.96844384e-41,4.96844384e-41,4.96844384e-41,0.00000000e+00
4.96844384e-41,4.96844384e-41,4.96844384e-41,4.96844384e-41,4.96844384e-41,4.96844384e-41,4.96844384e-41,4.96844384e-41,4.96844384e-41,0.00000000e+00
4.96844384e-41,4.96844384e-41,4.96844384e-41,4.96844384e-41,4.96844384e-41,4.96844384e-41,4.96844384e-41,4.96844384e-41,4.96844384e-41,0.00000000e+00
4.96844384e-41,4.96844384e-41,4.96844384e-41,4.96844384e-41,4.96844384e-41,4.96844384e-41,4.96844384e-41,4.96844384e-41,4.96844384e-41,0.00000000e+00
4.96844384e-41,4.96844384e-41,4.96844384e-41,4.96844384e-41,4.96844384e-41,4.96844384e-41,4.96844384e-41,4.96844384e-41,4.96844384e-41,0.00000000e+00
4.96844384e-41,4.96844384e-41,4.96844384e-41,4.96844384e-41,4.96844384e-41,4.96844384e-41,4.96844384e-41,4.96844384e-41,4.96844384e-41,0.00000000e+00
4.96844384e-41,4.96844384e-41,4.96844384e-41,4.96844384e-41,4.96844384e-41,4.96844384e-41,4.96844384e-41,4.96844384e-41,4.96844384e-41,0.00000000e+00
